{
  "total_records": 64,
  "created_date": "2025-09-10",
  "data": [
    {
      "project_month": "7월확정과제",
      "project_id": "DR-2025-08403",
      "project_title": "RDS '정책수수료 대상' 화면 내 부가서비스 관련 정책수수료 등록 화면 개선요청",
      "requirements": "비즈니스 요구사항",
      "registration_datetime": "2025-02-12 17:02",
      "division": "Customer부문",
      "headquarters": "마케팅혁신본부",
      "department": "무선정책담당",
      "team": "무선정책기획팀",
      "registrant": "이영우",
      "project_category": "C - 주요 개선 과제",
      "target_system": "KOS-유통",
      "current_month_status": "개발",
      "effort_hours": 6,
      "unit_system": "수수료",
      "previous_month_status": "이월",
      "remarks": "C_01",
      "priority": ""
    },
    {
      "project_month": "7월확정과제",
      "project_id": "DR-2025-21754",
      "project_title": "인터넷 TV 업셀링 정책 관련 자동화 팩터 개발",
      "requirements": "비즈니스 요구사항",
      "registration_datetime": "2025-04-14 09:46",
      "division": "Customer부문",
      "headquarters": "마케팅혁신본부",
      "department": "유선정책담당",
      "team": "유선케어정책팀",
      "registrant": "임명섭",
      "project_category": "C - 주요 개선 과제",
      "target_system": "KOS-유통",
      "current_month_status": "중기",
      "effort_hours": 35,
      "unit_system": "수수료",
      "previous_month_status": "이월",
      "remarks": "C_02",
      "priority": ""
    },
    {
      "project_month": "7월확정과제",
      "project_id": "DR-2025-08410",
      "project_title": "KOS RDS 내 정책 실적 등록 시 '필수조건 동시복사' 기능 개발요청",
      "requirements": "비즈니스 요구사항",
      "registration_datetime": "2025-02-12 17:10",
      "division": "Customer부문",
      "headquarters": "마케팅혁신본부",
      "department": "무선정책담당",
      "team": "무선정책기획팀",
      "registrant": "이영우",
      "project_category": "C - 주요 개선 과제",
      "target_system": "KOS-유통",
      "current_month_status": "개발",
      "effort_hours": 12,
      "unit_system": "수수료",
      "previous_month_status": "이월",
      "remarks": "C_03",
      "priority": ""
    },
    {
      "project_month": "7월확정과제",
      "project_id": "DR-2025-30515",
      "project_title": "본인확인서비스 사이트 코드 변경 개발의 건",
      "requirements": "비즈니스 요구사항",
      "registration_datetime": "2025-05-29 10:23",
      "division": "Customer부문",
      "headquarters": "마케팅혁신본부",
      "department": "유선정책담당",
      "team": "유선케어정책팀",
      "registrant": "김보라",
      "project_category": "C - 주요 개선 과제",
      "target_system": "KOS-유통",
      "current_month_status": "개발",
      "effort_hours": 3,
      "unit_system": "유통망",
      "previous_month_status": "신규",
      "remarks": "C_04",
      "priority": ""
    },
    {
      "project_month": "7월확정과제",
      "project_id": "DR-2025-27080",
      "project_title": "단말원부 등록 중복업로드 방지",
      "requirements": "비즈니스 요구사항",
      "registration_datetime": "2025-05-08 14:19",
      "division": "Customer부문",
      "headquarters": "마케팅혁신본부",
      "department": "무선정책담당",
      "team": "무선정책기획팀",
      "registrant": "손석민",
      "project_category": "C - 주요 개선 과제",
      "target_system": "KOS-유통",
      "current_month_status": "개발",
      "effort_hours": 8,
      "unit_system": "물류",
      "previous_month_status": "이월",
      "remarks": "C_05",
      "priority": ""
    },
    {
      "project_month": "7월확정과제",
      "project_id": "DR-2025-31680",
      "project_title": "[개발_전산] 대외_행안부모바일신분증 진위확인 검증체계 고도화",
      "requirements": "비즈니스 요구사항",
      "registration_datetime": "2025-06-09 10:25",
      "division": "Customer부문",
      "headquarters": "영업·채널본부",
      "department": "대면채널혁신담당",
      "team": "대면채널관리팀",
      "registrant": "송지숙",
      "project_category": "S - 필수 대외과제",
      "target_system": "KOS-유통",
      "current_month_status": "취소",
      "effort_hours": 0,
      "unit_system": "유통망",
      "previous_month_status": "유통망",
      "remarks": "신규",
      "priority": "RDS 개발사항 없음"
    },
    {
      "project_month": "7월확정과제",
      "project_id": "DR-2025-30308",
      "project_title": "대리점 운영자금 이자 청구 기능 반영 요청",
      "requirements": "비즈니스 요구사항",
      "registration_datetime": "2025-05-28 11:15",
      "division": "Customer부문",
      "headquarters": "영업·채널본부",
      "department": "대면채널혁신담당",
      "team": "대면채널관리팀",
      "registrant": "이상현",
      "project_category": "C - 주요 개선 과제",
      "target_system": "KOS-유통",
      "current_month_status": "개발",
      "effort_hours": 15,
      "unit_system": "채권",
      "previous_month_status": "신규",
      "remarks": "C_07",
      "priority": ""
    },
    {
      "project_month": "7월확정과제",
      "project_id": "DR-2025-28810",
      "project_title": "[애플] 애플워치 GPS모델 RMA 등록",
      "requirements": "비즈니스 요구사항",
      "registration_datetime": "2025-05-21 09:13",
      "division": "Customer부문",
      "headquarters": "Device사업본부",
      "department": "Device마케팅담당",
      "team": "Device사업팀",
      "registrant": "원정섭",
      "project_category": "C - 주요 개선 과제",
      "target_system": "KOS-유통",
      "current_month_status": "개발",
      "effort_hours": 10,
      "unit_system": "물류",
      "previous_month_status": "신규",
      "remarks": "C_08",
      "priority": ""
    },
    {
      "project_month": "7월확정과제",
      "project_id": "DR-2025-28917",
      "project_title": "전화투표 서비스 수수료 지급 방식 변경",
      "requirements": "비즈니스 요구사항",
      "registration_datetime": "2025-05-21 14:06",
      "division": "Customer부문",
      "headquarters": "소상공인사업본부",
      "department": "소상공인상품담당",
      "team": "소상공인통화상품팀",
      "registrant": "이국희",
      "project_category": "C - 주요 개선 과제",
      "target_system": "KOS-유통",
      "current_month_status": "이월",
      "effort_hours": 15,
      "unit_system": "수수료",
      "previous_month_status": "신규",
      "remarks": "수수료 공수 부족",
      "priority": "C_09"
    },
    {
      "project_month": "7월확정과제",
      "project_id": "DR-2025-25065",
      "project_title": "[RDS]애플 액세서리 출고 실적=판매실적 연동",
      "requirements": "비즈니스 요구사항",
      "registration_datetime": "2025-04-29 16:24",
      "division": "Customer부문",
      "headquarters": "Device사업본부",
      "department": "Device마케팅담당",
      "team": "Device사업팀",
      "registrant": "원정섭",
      "project_category": "C - 주요 개선 과제",
      "target_system": "KOS-유통",
      "current_month_status": "개발",
      "effort_hours": 10,
      "unit_system": "실적",
      "previous_month_status": "이월",
      "remarks": "C_10",
      "priority": ""
    },
    {
      "project_month": "7월확정과제",
      "project_id": "DR-2025-22014",
      "project_title": "소상공인 신규 제휴카드 연동개발",
      "requirements": "비즈니스 요구사항",
      "registration_datetime": "2025-04-14 18:46",
      "division": "Customer부문",
      "headquarters": "소상공인사업본부",
      "department": "소상공인상품담당",
      "team": "소상공인상품제휴팀",
      "registrant": "배동훈",
      "project_category": "A - 필수 전략과제",
      "target_system": "KOS-유통",
      "current_month_status": "보류",
      "effort_hours": 0,
      "unit_system": "실적",
      "previous_month_status": "실적",
      "remarks": "보류",
      "priority": "사업부서 요청 보류"
    },
    {
      "project_month": "7월확정과제",
      "project_id": "DR-2025-30656",
      "project_title": "[개발요청] 대리점 유선상품 사업용회선 해지를 위한 프로세스 개선",
      "requirements": "비즈니스 요구사항",
      "registration_datetime": "2025-05-29 15:19",
      "division": "Customer부문",
      "headquarters": "영업·채널본부",
      "department": "대면채널혁신담당",
      "team": "대면채널관리팀",
      "registrant": "강영주",
      "project_category": "C - 주요 개선 과제",
      "target_system": "KOS-유통",
      "current_month_status": "개발",
      "effort_hours": 17,
      "unit_system": "유통망",
      "previous_month_status": "신규",
      "remarks": "C_12",
      "priority": ""
    },
    {
      "project_month": "7월확정과제",
      "project_id": "DR-2025-29978",
      "project_title": "정리점 강제수납 제한 해제 개발요청2",
      "requirements": "비즈니스 요구사항",
      "registration_datetime": "2025-05-27 11:14",
      "division": "Customer부문",
      "headquarters": "영업·채널본부",
      "department": "대면채널혁신담당",
      "team": "대면채널관리팀",
      "registrant": "김준",
      "project_category": "B - 필수 개선과제",
      "target_system": "KOS-유통",
      "current_month_status": "보류",
      "effort_hours": 7,
      "unit_system": "채권/유통망",
      "previous_month_status": "신규",
      "remarks": "오더 동시개발 필요",
      "priority": "C_13"
    },
    {
      "project_month": "7월확정과제",
      "project_id": "DR-2025-26269",
      "project_title": "모델별 배정현황 신규메뉴 개발 요청",
      "requirements": "비즈니스 요구사항",
      "registration_datetime": "2025-05-08 14:19",
      "division": "Customer부문",
      "headquarters": "마케팅혁신본부",
      "department": "무선정책담당",
      "team": "무선정책기획팀",
      "registrant": "한민구",
      "project_category": "C - 주요 개선 과제",
      "target_system": "KOS-유통",
      "current_month_status": "중기",
      "effort_hours": 15,
      "unit_system": "물류",
      "previous_month_status": "이월",
      "remarks": "공수부족",
      "priority": "C_14"
    },
    {
      "project_month": "7월확정과제",
      "project_id": "DR-2025-27850",
      "project_title": "[추가] M&S 통합개통센터 전국확대 (기존 개발: M&S 통합개통 센터 관련 KRDS 조직관계 신설 검토 요청의 건)",
      "requirements": "비즈니스 요구사항",
      "registration_datetime": "2025-05-15 16:08",
      "division": "Customer부문",
      "headquarters": "영업·채널본부",
      "department": "대면채널혁신담당",
      "team": "대면채널기획팀",
      "registrant": "강혜영",
      "project_category": "B - 필수 개선과제",
      "target_system": "KOS-유통",
      "current_month_status": "개발",
      "effort_hours": 1,
      "unit_system": "유통망",
      "previous_month_status": "신규",
      "remarks": "C_15",
      "priority": ""
    },
    {
      "project_month": "7월확정과제",
      "project_id": "DR-2025-03945",
      "project_title": "KTS 업셀링을 위한 정산 고도화",
      "requirements": "비즈니스 요구사항",
      "registration_datetime": "2025-01-20 15:45",
      "division": "Customer부문",
      "headquarters": "마케팅혁신본부",
      "department": "유선정책담당",
      "team": "유선유통혁신팀",
      "registrant": "김세아",
      "project_category": "C - 주요 개선 과제",
      "target_system": "KOS-유통",
      "current_month_status": "보류",
      "effort_hours": 0,
      "unit_system": "수수료",
      "previous_month_status": "수수료",
      "remarks": "보류",
      "priority": "스펙미비(8월 스펙회의 진행 예정)"
    },
    {
      "project_month": "7월확정과제",
      "project_id": "DR-2025-08407",
      "project_title": "KOS RDS 내 '대리점별 집계'화면 내 연계단말 처리 유통조직(대리점) 정보 추가요청",
      "requirements": "비즈니스 요구사항",
      "registration_datetime": "2025-02-12 17:05",
      "division": "Customer부문",
      "headquarters": "마케팅혁신본부",
      "department": "무선정책담당",
      "team": "무선정책기획팀",
      "registrant": "이영우",
      "project_category": "C - 주요 개선 과제",
      "target_system": "KOS-유통",
      "current_month_status": "이월",
      "effort_hours": 7,
      "unit_system": "수수료",
      "previous_month_status": "이월",
      "remarks": "수수료 공수 부족",
      "priority": "C_18"
    },
    {
      "project_month": "7월확정과제",
      "project_id": "DR-2025-30836",
      "project_title": "결산집계표종류 분류 개선 요청",
      "requirements": "비즈니스 요구사항",
      "registration_datetime": "2025-05-30 10:09",
      "division": "Customer부문",
      "headquarters": "영업·채널본부",
      "department": "대면채널혁신담당",
      "team": "대면채널관리팀",
      "registrant": "이상현",
      "project_category": "C - 주요 개선 과제",
      "target_system": "KOS-유통",
      "current_month_status": "개발",
      "effort_hours": 8,
      "unit_system": "채권",
      "previous_month_status": "신규",
      "remarks": "C_19",
      "priority": ""
    },
    {
      "project_month": "7월확정과제",
      "project_id": "DR-2025-26261",
      "project_title": "배정등록 메뉴 배정가능 표기값 로직 변경 요청",
      "requirements": "비즈니스 요구사항",
      "registration_datetime": "2025-05-08 14:01",
      "division": "Customer부문",
      "headquarters": "마케팅혁신본부",
      "department": "무선정책담당",
      "team": "무선정책기획팀",
      "registrant": "한민구",
      "project_category": "C - 주요 개선 과제",
      "target_system": "KOS-유통",
      "current_month_status": "이월",
      "effort_hours": 7,
      "unit_system": "물류",
      "previous_month_status": "이월",
      "remarks": "공수부족",
      "priority": "C_20"
    },
    {
      "project_month": "7월확정과제",
      "project_id": "DR-2025-27430",
      "project_title": "[유통/채권?mRDS] mRDS '입금처리' 화면 상계지급유보 입금시 default입금일 수정요청",
      "requirements": "비즈니스 요구사항",
      "registration_datetime": "2025-05-14 09:15",
      "division": "Customer부문",
      "headquarters": "영업·채널본부",
      "department": "대면채널혁신담당",
      "team": "대면채널관리팀",
      "registrant": "김준",
      "project_category": "B - 필수 개선과제",
      "target_system": "KOS-유통",
      "current_month_status": "개발",
      "effort_hours": 8,
      "unit_system": "와플/채권",
      "previous_month_status": "신규",
      "remarks": "C_21",
      "priority": ""
    },
    {
      "project_month": "7월확정과제",
      "project_id": "DR-2025-20613",
      "project_title": "RDS 내 정책별집계 내 전체지급취소 환수여부 표기",
      "requirements": "비즈니스 요구사항",
      "registration_datetime": "2025-04-08 10:46",
      "division": "Customer부문",
      "headquarters": "마케팅혁신본부",
      "department": "무선정책담당",
      "team": "무선정책기획팀",
      "registrant": "이영우",
      "project_category": "C - 주요 개선 과제",
      "target_system": "KOS-유통",
      "current_month_status": "이월",
      "effort_hours": 25,
      "unit_system": "수수료",
      "previous_month_status": "이월",
      "remarks": "수수료 공수 부족",
      "priority": "C_22"
    },
    {
      "project_month": "7월확정과제",
      "project_id": "DR-2025-32526",
      "project_title": "Watchdog 점검 지표에 신규 지표 추가 요청의 건(유통점 청구주소/납부자여부)",
      "requirements": "비즈니스 요구사항",
      "registration_datetime": "2025-06-11 16:44",
      "division": "Customer부문",
      "headquarters": "영업·채널본부",
      "department": "대면채널혁신담당",
      "team": "대면채널관리팀",
      "registrant": "구도윤",
      "project_category": "A - 필수 전략과제",
      "target_system": "KOS-유통",
      "current_month_status": "이월",
      "effort_hours": 20,
      "unit_system": "실적",
      "previous_month_status": "신규",
      "remarks": "C_23",
      "priority": ""
    },
    {
      "project_month": "7월확정과제",
      "project_id": "DR-2025-12778",
      "project_title": "마케팅부 지사 표기",
      "requirements": "비즈니스 요구사항",
      "registration_datetime": "2025-03-05 11:58",
      "division": "Customer부문",
      "headquarters": "마케팅혁신본부",
      "department": "무선정책담당",
      "team": "무선정책기획팀",
      "registrant": "손석민",
      "project_category": "C - 주요 개선 과제",
      "target_system": "KOS-유통",
      "current_month_status": "이월",
      "effort_hours": 7,
      "unit_system": "물류",
      "previous_month_status": "이월",
      "remarks": "공수부족",
      "priority": "C_24"
    },
    {
      "project_month": "7월확정과제",
      "project_id": "DR-2025-29577",
      "project_title": "[통합개통센터] 유무선 실적 확인을 위한 전산개발",
      "requirements": "비즈니스 요구사항",
      "registration_datetime": "2025-05-26 10:14",
      "division": "Customer부문",
      "headquarters": "영업·채널본부",
      "department": "대면채널혁신담당",
      "team": "대면채널기획팀",
      "registrant": "강혜영",
      "project_category": "B - 필수 개선과제",
      "target_system": "KOS-유통",
      "current_month_status": "완료",
      "effort_hours": 0,
      "unit_system": "유통망/실적",
      "previous_month_status": "유통망/실적",
      "remarks": "신규",
      "priority": "C_25"
    },
    {
      "project_month": "7월확정과제",
      "project_id": "DR-2025-12287",
      "project_title": "코코넛센터 주문 대리점 여신부족 데이터 연동 요청",
      "requirements": "비즈니스 요구사항",
      "registration_datetime": "2025-02-28 18:07",
      "division": "Customer부문",
      "headquarters": "마케팅혁신본부",
      "department": "무선정책담당",
      "team": "무선정책기획팀",
      "registrant": "한민구",
      "project_category": "C - 주요 개선 과제",
      "target_system": "KOS-유통",
      "current_month_status": "이월",
      "effort_hours": 20,
      "unit_system": "채권",
      "previous_month_status": "이월",
      "remarks": "공수부족",
      "priority": "C_26"
    },
    {
      "project_month": "7월확정과제",
      "project_id": "DR-2025-28359",
      "project_title": "단말 원부 초기화양식 변경",
      "requirements": "비즈니스 요구사항",
      "registration_datetime": "2025-05-19 17:24",
      "division": "Customer부문",
      "headquarters": "마케팅혁신본부",
      "department": "무선정책담당",
      "team": "무선정책기획팀",
      "registrant": "한민구",
      "project_category": "C - 주요 개선 과제",
      "target_system": "KOS-유통",
      "current_month_status": "개발",
      "effort_hours": 5,
      "unit_system": "물류",
      "previous_month_status": "신규",
      "remarks": "C_27",
      "priority": ""
    },
    {
      "project_month": "7월확정과제",
      "project_id": "DR-2025-09797",
      "project_title": "K-RDS 정책수수료 Grade 단가 환수 기능 보완 요청",
      "requirements": "비즈니스 요구사항",
      "registration_datetime": "2025-02-18 16:59",
      "division": "Customer부문",
      "headquarters": "마케팅혁신본부",
      "department": "무선정책담당",
      "team": "무선정책기획팀",
      "registrant": "이영우",
      "project_category": "C - 주요 개선 과제",
      "target_system": "KOS-유통",
      "current_month_status": "보류",
      "effort_hours": 60,
      "unit_system": "수수료",
      "previous_month_status": "보류",
      "remarks": "수수료 공수 과다",
      "priority": "C_28"
    },
    {
      "project_month": "7월확정과제",
      "project_id": "DR-2025-20615",
      "project_title": "2G 가입자 5G 전환신규 처리 불가오류 가능하도록 개발요청",
      "requirements": "비즈니스 요구사항",
      "registration_datetime": "2025-04-08 10:48",
      "division": "Customer부문",
      "headquarters": "마케팅혁신본부",
      "department": "무선정책담당",
      "team": "무선정책기획팀",
      "registrant": "이영우",
      "project_category": "C - 주요 개선 과제",
      "target_system": "KOS-유통",
      "current_month_status": "보류",
      "effort_hours": 0,
      "unit_system": "수수료",
      "previous_month_status": "수수료",
      "remarks": "보류",
      "priority": "오더 개발필요"
    },
    {
      "project_month": "7월확정과제",
      "project_id": "DR-2025-20617",
      "project_title": "KOS-RDS 실사용일수 관점 추가",
      "requirements": "비즈니스 요구사항",
      "registration_datetime": "2025-04-08 10:50",
      "division": "Customer부문",
      "headquarters": "마케팅혁신본부",
      "department": "무선정책담당",
      "team": "무선정책기획팀",
      "registrant": "이영우",
      "project_category": "C - 주요 개선 과제",
      "target_system": "KOS-유통",
      "current_month_status": "이월",
      "effort_hours": 30,
      "unit_system": "수수료",
      "previous_month_status": "이월",
      "remarks": "수수료 공수 부족",
      "priority": "C_30"
    },
    {
      "project_month": "7월확정과제",
      "project_id": "DR-2025-27337",
      "project_title": "RDS 시점재고 메뉴의 재고조정 버튼 숨김 처리",
      "requirements": "비즈니스 요구사항",
      "registration_datetime": "2025-05-13 15:23",
      "division": "Customer부문",
      "headquarters": "마케팅혁신본부",
      "department": "무선정책담당",
      "team": "무선정책기획팀",
      "registrant": "김태현",
      "project_category": "C - 주요 개선 과제",
      "target_system": "KOS-유통",
      "current_month_status": "이월",
      "effort_hours": 5,
      "unit_system": "물류",
      "previous_month_status": "신규",
      "remarks": "C_31",
      "priority": ""
    },
    {
      "project_month": "7월확정과제",
      "project_id": "DR-2025-16511",
      "project_title": "정책단가 코드합산 및 계약점 적용 개발",
      "requirements": "비즈니스 요구사항",
      "registration_datetime": "2025-03-20 13:10",
      "division": "Customer부문",
      "headquarters": "마케팅혁신본부",
      "department": "무선정책담당",
      "team": "무선정책기획팀",
      "registrant": "이영우",
      "project_category": "C - 주요 개선 과제",
      "target_system": "KOS-유통",
      "current_month_status": "이월",
      "effort_hours": 30,
      "unit_system": "수수료",
      "previous_month_status": "이월",
      "remarks": "수수료 공수 부족",
      "priority": "C_32"
    },
    {
      "project_month": "7월확정과제",
      "project_id": "DR-2025-16148",
      "project_title": "[개발요청] 유선상품 사업용회선 해지를 위한 프로세스 개선",
      "requirements": "비즈니스 요구사항",
      "registration_datetime": "2025-03-19 11:22",
      "division": "Customer부문",
      "headquarters": "마케팅혁신본부",
      "department": "사업지원담당",
      "team": "인터넷사업지원팀",
      "registrant": "김홍수",
      "project_category": "C - 주요 개선 과제",
      "target_system": "KOS-유통",
      "current_month_status": "이월",
      "effort_hours": 17,
      "unit_system": "유통망",
      "previous_month_status": "이월",
      "remarks": "C_33",
      "priority": ""
    },
    {
      "project_month": "7월확정과제",
      "project_id": "DR-2025-32048",
      "project_title": "지니TV 신규상품 출시 개발 요청 건",
      "requirements": "비즈니스 요구사항",
      "registration_datetime": "2025-06-10 10:27",
      "division": "Customer부문",
      "headquarters": "마케팅혁신본부",
      "department": "요금혁신담당",
      "team": "유선요금혁신팀",
      "registrant": "김민화",
      "project_category": "C - 주요 개선 과제",
      "target_system": "KOS-유통",
      "current_month_status": "이월",
      "effort_hours": 0,
      "unit_system": "수수료",
      "previous_month_status": "수수료",
      "remarks": "신규",
      "priority": "C_34"
    },
    {
      "project_month": "7월확정과제",
      "project_id": "DR-2025-32321",
      "project_title": "와플_무선영업현황 및 RDS_(조직별)영업계약실적 조직명 변경",
      "requirements": "비즈니스 요구사항",
      "registration_datetime": "2025-06-11 09:45",
      "division": "Customer부문",
      "headquarters": "마케팅혁신본부",
      "department": "무선정책담당",
      "team": "무선정책기획팀",
      "registrant": "송시욱",
      "project_category": "C - 주요 개선 과제",
      "target_system": "KOS-유통",
      "current_month_status": "이월",
      "effort_hours": 5,
      "unit_system": "실적",
      "previous_month_status": "신규",
      "remarks": "C_35",
      "priority": ""
    },
    {
      "project_month": "7월확정과제",
      "project_id": "DR-2024-71529",
      "project_title": "신규 폰 렌탈 사업 추진",
      "requirements": "비즈니스 요구사항",
      "registration_datetime": "2024-12-16 11:19",
      "division": "Customer부문",
      "headquarters": "마케팅혁신본부",
      "department": "사업지원담당",
      "team": "무선사업지원팀",
      "registrant": "김현수",
      "project_category": "C - 주요 개선 과제",
      "target_system": "KOS-유통",
      "current_month_status": "보류",
      "effort_hours": 0,
      "unit_system": "물류/채권",
      "previous_month_status": "물류/채권",
      "remarks": "보류",
      "priority": "스펙미비 보류"
    },
    {
      "project_month": "7월확정과제",
      "project_id": "DR-2024-71725",
      "project_title": "중고 폰 렌탈 사업 추진",
      "requirements": "비즈니스 요구사항",
      "registration_datetime": "2024-12-16 17:06",
      "division": "Customer부문",
      "headquarters": "마케팅혁신본부",
      "department": "사업지원담당",
      "team": "무선사업지원팀",
      "registrant": "김현수",
      "project_category": "C - 주요 개선 과제",
      "target_system": "KOS-유통",
      "current_month_status": "보류",
      "effort_hours": 0,
      "unit_system": "물류/채권",
      "previous_month_status": "물류/채권",
      "remarks": "보류",
      "priority": "스펙미비 보류"
    },
    {
      "project_month": "7월확정과제",
      "project_id": "DR-2024-72336",
      "project_title": "[W 프로젝트] 모바일 초이스 3종 신규 출시",
      "requirements": "비즈니스 요구사항",
      "registration_datetime": "2024-12-18 17:10",
      "division": "Customer부문",
      "headquarters": "마케팅혁신본부",
      "department": "요금혁신담당",
      "team": "무선요금혁신팀",
      "registrant": "최상균",
      "project_category": "C - 주요 개선 과제",
      "target_system": "KOS-유통",
      "current_month_status": "보류",
      "effort_hours": 5,
      "unit_system": "수수료",
      "previous_month_status": "보류",
      "remarks": "오더 개발시 비바체 배포",
      "priority": "C_38"
    },
    {
      "project_month": "7월확정과제",
      "project_id": "DR-2025-20567",
      "project_title": "W 초이스 후속 개발 (외부 연동/상품 상세)",
      "requirements": "비즈니스 요구사항",
      "registration_datetime": "2025-04-08 10:09",
      "division": "Customer부문",
      "headquarters": "마케팅혁신본부",
      "department": "요금혁신담당",
      "team": "무선요금혁신팀",
      "registrant": "최상균",
      "project_category": "C - 주요 개선 과제",
      "target_system": "KOS-유통",
      "current_month_status": "보류",
      "effort_hours": 5,
      "unit_system": "수수료",
      "previous_month_status": "보류",
      "remarks": "오더 개발시 비바체 배포",
      "priority": "C_39"
    },
    {
      "project_month": "7월확정과제",
      "project_id": "DR-2025-04798",
      "project_title": "KOS-RDS 와치독 기능 개발_IoT",
      "requirements": "비즈니스 요구사항",
      "registration_datetime": "2025-01-22 16:27",
      "division": "Enterprise부문",
      "headquarters": "서비스Product본부",
      "department": "기업무선/IoT서비스담당",
      "team": "IoT서비스1팀",
      "registrant": "김해건",
      "project_category": "A - 필수 전략과제",
      "target_system": "KOS-유통",
      "current_month_status": "보류",
      "effort_hours": 0,
      "unit_system": "실적",
      "previous_month_status": "실적",
      "remarks": "보류",
      "priority": "통합 고도화 진행 예정"
    },
    {
      "project_month": "7월확정과제",
      "project_id": "DR-2025-09413",
      "project_title": "[제휴부가]신규 CP 제휴 부가서비스 'AI 범죄차단 서비스' 개발 요청",
      "requirements": "비즈니스 요구사항",
      "registration_datetime": "2025-02-17 16:59",
      "division": "Customer부문",
      "headquarters": "서비스Product본부",
      "department": "신규서비스담당",
      "team": "결제인증서비스팀",
      "registrant": "황보영",
      "project_category": "C - 주요 개선 과제",
      "target_system": "KOS-유통",
      "current_month_status": "이월",
      "effort_hours": 5,
      "unit_system": "수수료",
      "previous_month_status": "이월",
      "remarks": "",
      "priority": ""
    },
    {
      "project_month": "7월확정과제",
      "project_id": "DR-2025-15160",
      "project_title": "타사고객 번호이동 후 RDS 리워드 사용내역 누락 개선 ",
      "requirements": "비즈니스 요구사항",
      "registration_datetime": "2025-03-14 10:00",
      "division": "Customer부문",
      "headquarters": "AX혁신지원본부",
      "department": "AX역량혁신담당",
      "team": "유통역량혁신팀",
      "registrant": "임세인",
      "project_category": "프로젝트 과제",
      "target_system": "KOS-유통",
      "current_month_status": "이월",
      "effort_hours": 0,
      "unit_system": "와플/유통망",
      "previous_month_status": "와플/유통망",
      "remarks": "이월",
      "priority": "개발 진행 시 CRM하고 협의 필요"
    },
    {
      "project_month": "7월확정과제",
      "project_id": "DR-2025-17873",
      "project_title": "[개발요청] RDS 내 대리점 OA 및 사업용회선 등 자산관리 화면 반영 요청",
      "requirements": "비즈니스 요구사항",
      "registration_datetime": "2025-03-26 15:51",
      "division": "Customer부문",
      "headquarters": "영업·채널본부",
      "department": "대면채널혁신담당",
      "team": "대면채널관리팀",
      "registrant": "강영주",
      "project_category": "C - 주요 개선 과제",
      "target_system": "KOS-유통",
      "current_month_status": "완료",
      "effort_hours": 7,
      "unit_system": "유통망",
      "previous_month_status": "중기",
      "remarks": "",
      "priority": ""
    },
    {
      "project_month": "7월확정과제",
      "project_id": "DR-2025-17907",
      "project_title": "기가오피스 신규 상품 전산 개발 요청",
      "requirements": "비즈니스 요구사항",
      "registration_datetime": "2025-03-26 16:29",
      "division": "Enterprise부문",
      "headquarters": "서비스Product본부",
      "department": "데이터서비스담당",
      "team": "기업인터넷서비스팀",
      "registrant": "하지인",
      "project_category": "C - 주요 개선 과제",
      "target_system": "KOS-유통",
      "current_month_status": "이월",
      "effort_hours": 5,
      "unit_system": "수수료",
      "previous_month_status": "이월",
      "remarks": "오더 개발시 진행",
      "priority": ""
    },
    {
      "project_month": "7월확정과제",
      "project_id": "DR-2025-18087",
      "project_title": "RDS 전자계약관리 상 불필요 기능 제거 요청",
      "requirements": "비즈니스 요구사항",
      "registration_datetime": "2025-03-27 10:33",
      "division": "Customer부문",
      "headquarters": "영업·채널본부",
      "department": "대면채널혁신담당",
      "team": "대면채널관리팀",
      "registrant": "이상현",
      "project_category": "프로젝트 과제",
      "target_system": "KOS-유통",
      "current_month_status": "보류",
      "effort_hours": 0,
      "unit_system": "채권",
      "previous_month_status": "채권",
      "remarks": "보류",
      "priority": "AECS개발시 개발"
    },
    {
      "project_month": "7월확정과제",
      "project_id": "DR-2025-18088",
      "project_title": "RDS 전자계약 보관 기능 이관 및 권한 확인 연동 기능 구현 요청",
      "requirements": "비즈니스 요구사항",
      "registration_datetime": "2025-03-27 10:34",
      "division": "Customer부문",
      "headquarters": "영업·채널본부",
      "department": "대면채널혁신담당",
      "team": "대면채널관리팀",
      "registrant": "이상현",
      "project_category": "프로젝트 과제",
      "target_system": "KOS-유통",
      "current_month_status": "보류",
      "effort_hours": 0,
      "unit_system": "유통망/채권",
      "previous_month_status": "유통망/채권",
      "remarks": "보류",
      "priority": "AECS개발시 개발"
    },
    {
      "project_month": "7월확정과제",
      "project_id": "DR-2025-18089",
      "project_title": "RDS 전자계약관리 상 매장계약 기능 추가 개발 요청",
      "requirements": "비즈니스 요구사항",
      "registration_datetime": "2025-03-27 10:34",
      "division": "Customer부문",
      "headquarters": "영업·채널본부",
      "department": "대면채널혁신담당",
      "team": "대면채널관리팀",
      "registrant": "이상현",
      "project_category": "프로젝트 과제",
      "target_system": "KOS-유통",
      "current_month_status": "보류",
      "effort_hours": 0,
      "unit_system": "유통망/채권",
      "previous_month_status": "유통망/채권",
      "remarks": "보류",
      "priority": "AECS개발시 개발"
    },
    {
      "project_month": "7월확정과제",
      "project_id": "DR-2025-20340",
      "project_title": "[요금제 수정] IoT 안심결제 요금제 스펙 수정 요청",
      "requirements": "비즈니스 요구사항",
      "registration_datetime": "2025-04-07 14:28",
      "division": "Enterprise부문",
      "headquarters": "서비스Product본부",
      "department": "기업무선/IoT서비스담당",
      "team": "기업무선/IoT결제서비스팀",
      "registrant": "구대환",
      "project_category": "C - 주요 개선 과제",
      "target_system": "KOS-유통",
      "current_month_status": "이월",
      "effort_hours": 5,
      "unit_system": "수수료",
      "previous_month_status": "이월",
      "remarks": "오더 개발시 진행",
      "priority": ""
    },
    {
      "project_month": "7월확정과제",
      "project_id": "DR-2025-21487",
      "project_title": "“단골고객” 이관 시 발송 문자 SRTT 적재되도록 요청",
      "requirements": "비즈니스 요구사항",
      "registration_datetime": "2025-04-11 10:30",
      "division": "Customer부문",
      "headquarters": "AX혁신지원본부",
      "department": "AX역량혁신담당",
      "team": "유통역량혁신팀",
      "registrant": "김혜옥",
      "project_category": "C - 주요 개선 과제",
      "target_system": "KOS-유통",
      "current_month_status": "이월",
      "effort_hours": 7,
      "unit_system": "유통망",
      "previous_month_status": "이월",
      "remarks": "",
      "priority": ""
    },
    {
      "project_month": "7월확정과제",
      "project_id": "DR-2025-21871",
      "project_title": "KOS-RDS상에 업무처리조직 순서 변경 요청",
      "requirements": "비즈니스 요구사항",
      "registration_datetime": "2025-04-14 13:42",
      "division": "부산/경남광역본부",
      "headquarters": "부산/경남고객본부",
      "department": "창원지사",
      "team": "마케팅부",
      "registrant": "손강희",
      "project_category": "C - 주요 개선 과제",
      "target_system": "KOS-유통",
      "current_month_status": "보류",
      "effort_hours": 0,
      "unit_system": "유통망",
      "previous_month_status": "유통망",
      "remarks": "보류",
      "priority": "개발불가"
    },
    {
      "project_month": "7월확정과제",
      "project_id": "DR-2025-24658",
      "project_title": "안심번호 SA대리점 위탁상품 적용 수수료 추가 개발(담당자:나혜정부장님)",
      "requirements": "비즈니스 요구사항",
      "registration_datetime": "2025-04-28 16:02",
      "division": "Enterprise부문",
      "headquarters": "서비스Product본부",
      "department": "커뮤니케이션서비스담당",
      "team": "기업지능망서비스팀",
      "registrant": "전미옥",
      "project_category": "C - 주요 개선 과제",
      "target_system": "KOS-유통",
      "current_month_status": "보류",
      "effort_hours": 0,
      "unit_system": "수수료",
      "previous_month_status": "수수료",
      "remarks": "보류",
      "priority": "개발 가능 여부 검토중 "
    },
    {
      "project_month": "7월확정과제",
      "project_id": "DR-2025-27403",
      "project_title": "대출원장 지급일자 항목 추가 및 SAP 연동 개발",
      "requirements": "비즈니스 요구사항",
      "registration_datetime": "2025-05-13 17:56",
      "division": "Customer부문",
      "headquarters": "영업·채널본부",
      "department": "대면채널혁신담당",
      "team": "대면채널관리팀",
      "registrant": "이상현",
      "project_category": "C - 주요 개선 과제",
      "target_system": "KOS-유통",
      "current_month_status": "개발",
      "effort_hours": 6,
      "unit_system": "채권",
      "previous_month_status": "중기",
      "remarks": "",
      "priority": ""
    },
    {
      "project_month": "7월확정과제",
      "project_id": "DR-2025-27901",
      "project_title": "RDS  (대리점 운영자금 옵션을 이자청구로 변경)",
      "requirements": "비즈니스 요구사항",
      "registration_datetime": "2025-05-15 18:14",
      "division": "Customer부문",
      "headquarters": "영업·채널본부",
      "department": "대면채널혁신담당",
      "team": "대면채널관리팀",
      "registrant": "이상현",
      "project_category": "C - 주요 개선 과제",
      "target_system": "KOS-유통",
      "current_month_status": "개발",
      "effort_hours": 20,
      "unit_system": "채권",
      "previous_month_status": "중기",
      "remarks": "",
      "priority": ""
    },
    {
      "project_month": "7월확정과제",
      "project_id": "DR-2025-32023",
      "project_title": "여주물류센터 배정제외상품 본부별 배정 기능 개선 요청",
      "requirements": "비즈니스 요구사항",
      "registration_datetime": "2025-06-10 09:44",
      "division": "Customer부문",
      "headquarters": "Device사업본부",
      "department": "Device마케팅담당",
      "team": "Device사업팀",
      "registrant": "황진주",
      "project_category": "프로젝트 과제",
      "target_system": "KOS-유통",
      "current_month_status": "개발",
      "effort_hours": 5,
      "unit_system": "물류",
      "previous_month_status": "중기",
      "remarks": "",
      "priority": ""
    },
    {
      "project_month": "7월확정과제",
      "project_id": "DR-2025-32260",
      "project_title": "본인확인서비스 미점유인증-점유인증 전환",
      "requirements": "비즈니스 요구사항",
      "registration_datetime": "2025-06-10 18:06",
      "division": "Customer부문",
      "headquarters": "마케팅혁신본부",
      "department": "유선정책담당",
      "team": "유선케어정책팀",
      "registrant": "김보라",
      "project_category": "S - 필수 대외과제",
      "target_system": "KOS-유통",
      "current_month_status": "개발",
      "effort_hours": 3,
      "unit_system": "유통망",
      "previous_month_status": "중기",
      "remarks": "",
      "priority": ""
    },
    {
      "project_month": "7월확정과제",
      "project_id": "DR-2025-28426",
      "project_title": "M포탈 조직스위치 기능 구현",
      "requirements": "비즈니스 요구사항",
      "registration_datetime": "2025-05-20 09:03",
      "division": "Customer부문",
      "headquarters": "AX혁신지원본부",
      "department": "AX역량혁신담당",
      "team": "유통역량혁신팀",
      "registrant": "김미정",
      "project_category": "C - 주요 개선 과제",
      "target_system": "KOS-유통",
      "current_month_status": "취소",
      "effort_hours": 0,
      "unit_system": "유통망",
      "previous_month_status": "유통망",
      "remarks": "신규",
      "priority": "RDS 개발사항 없음"
    },
    {
      "project_month": "7월확정과제",
      "project_id": "DR-2025-28594",
      "project_title": "IoT통합약정 개발 요청 ",
      "requirements": "비즈니스 요구사항",
      "registration_datetime": "2025-05-20 15:07",
      "division": "Enterprise부문",
      "headquarters": "서비스Product본부",
      "department": "기업무선/IoT서비스담당",
      "team": "기업무선/IoT결제서비스팀",
      "registrant": "구대환",
      "project_category": "B - 필수 개선과제",
      "target_system": "KOS-유통",
      "current_month_status": "취소",
      "effort_hours": 0,
      "unit_system": "수수료",
      "previous_month_status": "수수료",
      "remarks": "신규",
      "priority": "RDS 개발사항 없음"
    },
    {
      "project_month": "7월확정과제",
      "project_id": "DR-2025-30070",
      "project_title": "RDS 유통망정보 &gt; CRM운영여부 조건값 개발_수정",
      "requirements": "비즈니스 요구사항",
      "registration_datetime": "2025-05-27 15:20",
      "division": "Customer부문",
      "headquarters": "AX혁신지원본부",
      "department": "AX역량혁신담당",
      "team": "유통역량혁신팀",
      "registrant": "김미선",
      "project_category": "C - 주요 개선 과제",
      "target_system": "KOS-유통",
      "current_month_status": "개발",
      "effort_hours": 3,
      "unit_system": "유통망",
      "previous_month_status": "신규",
      "remarks": "",
      "priority": ""
    },
    {
      "project_month": "7월확정과제",
      "project_id": "DR-2025-30504",
      "project_title": " IoT 대용량 QoS요금제 6종 개발(LTE/5G)",
      "requirements": "비즈니스 요구사항",
      "registration_datetime": "2025-05-29 09:53",
      "division": "Enterprise부문",
      "headquarters": "서비스Product본부",
      "department": "기업무선/IoT서비스담당",
      "team": "기업무선/IoT관제서비스팀",
      "registrant": "임종섭",
      "project_category": "C - 주요 개선 과제",
      "target_system": "KOS-유통",
      "current_month_status": "이월",
      "effort_hours": 0,
      "unit_system": "수수료",
      "previous_month_status": "수수료",
      "remarks": "신규",
      "priority": "오더 개발시 진행"
    },
    {
      "project_month": "7월확정과제",
      "project_id": "DR-2025-30733",
      "project_title": "[대채기] 비즈나루-RDS 수수료 연동 로직 개선 요청",
      "requirements": "비즈니스 요구사항",
      "registration_datetime": "2025-05-29 17:56",
      "division": "Customer부문",
      "headquarters": "영업·채널본부",
      "department": "대면채널혁신담당",
      "team": "대면채널기획팀",
      "registrant": "양혜주",
      "project_category": "C - 주요 개선 과제",
      "target_system": "KOS-유통",
      "current_month_status": "보류",
      "effort_hours": 0,
      "unit_system": "수수료",
      "previous_month_status": "수수료",
      "remarks": "신규",
      "priority": "비즈나루 프리징으로 인한 개발진행 불가(~25.09)"
    },
    {
      "project_month": "7월확정과제",
      "project_id": "DR-2025-32090",
      "project_title": "국제전화 001글로벌Free 출시(25.7.1) 위한 K-RDS 판매자 등록 개발",
      "requirements": "비즈니스 요구사항",
      "registration_datetime": "2025-06-10 12:55",
      "division": "Customer부문",
      "headquarters": "영업·채널본부",
      "department": "국제전화국",
      "team": "국제전화사업팀",
      "registrant": "이인국",
      "project_category": "C - 주요 개선 과제",
      "target_system": "KOS-유통",
      "current_month_status": "개발",
      "effort_hours": 5,
      "unit_system": "수수료",
      "previous_month_status": "신규",
      "remarks": "",
      "priority": ""
    },
    {
      "project_month": "7월확정과제",
      "project_id": "DR-2025-32331",
      "project_title": "[MVNO] 신규사업자 GME 일반 후불 RS 요금제 4종 개발 요청",
      "requirements": "비즈니스 요구사항",
      "registration_datetime": "2025-06-11 09:57",
      "division": "Customer부문",
      "headquarters": "영업·채널본부",
      "department": "MVNO채널담당",
      "team": "MVNO채널개발팀",
      "registrant": "이정학",
      "project_category": "C - 주요 개선 과제",
      "target_system": "KOS-유통",
      "current_month_status": "취소",
      "effort_hours": 0,
      "unit_system": "수수료",
      "previous_month_status": "수수료",
      "remarks": "신규",
      "priority": "RDS 개발사항 없음"
    },
    {
      "project_month": "7월확정과제",
      "project_id": "DR-2025-32606",
      "project_title": "001글로벌Free(8.1일 출시 예정) 상품 정산을 위한 RDS 정책수수료 개발",
      "requirements": "비즈니스 요구사항",
      "registration_datetime": "2025-06-12 09:46",
      "division": "Customer부문",
      "headquarters": "영업·채널본부",
      "department": "국제전화국",
      "team": "국제전화사업팀",
      "registrant": "이인국",
      "project_category": "C - 주요 개선 과제",
      "target_system": "KOS-유통",
      "current_month_status": "보류",
      "effort_hours": 0,
      "unit_system": "수수료",
      "previous_month_status": "수수료",
      "remarks": "신규",
      "priority": "스펙미비 보류"
    },
    {
      "project_month": "7월확정과제",
      "project_id": "DR-2025-32834",
      "project_title": "SA대리점 수수료 관리를 위한 연동개발(BIDW 관리고객ID)",
      "requirements": "비즈니스 요구사항",
      "registration_datetime": "2025-06-12 17:30",
      "division": "Enterprise부문",
      "headquarters": "법인사업본부",
      "department": "법인사업1담당",
      "team": "법인사업혁신팀",
      "registrant": "강병진",
      "project_category": "C - 주요 개선 과제",
      "target_system": "KOS-유통",
      "current_month_status": "개발",
      "effort_hours": 3,
      "unit_system": "수수료",
      "previous_month_status": "신규",
      "remarks": "",
      "priority": ""
    },
    {
      "project_month": "7월확정과제",
      "project_id": "DR-2024-66164",
      "project_title": "스마트렌탈 정책 수수료 지급 후 익월에 사은품 개통 취소 시 환수 및 일반정책 지급",
      "requirements": "비즈니스 요구사항",
      "registration_datetime": "2024-11-18 09:37",
      "division": "Customer부문",
      "headquarters": "영업본부",
      "department": "유선영업담당",
      "team": "유선유통운영팀",
      "registrant": "백지원",
      "project_category": "C - 주요 개선 과제",
      "target_system": "KOS-유통",
      "current_month_status": "개발",
      "effort_hours": 10,
      "unit_system": "수수료",
      "previous_month_status": "중기",
      "remarks": "",
      "priority": ""
    }
  ]
}