{
  "총_레코드수": 62,
  "생성일시": "2025-09-10",
  "원본파일": "teseuteu3-1.csv",
  "데이터": [
    {
      "과제확정월": "8월확정과제",
      "과제ID": "DR-2025-24658",
      "과제제목": "안심번호 SA대리점 위탁상품 적용 수수료 추가 개발(담당자:나혜정부장님)",
      "요구사항": "비즈니스 요구사항",
      "등록요청일시": "2025-04-28 16:02",
      "부문": "Enterprise부문",
      "본부": "서비스Product본부",
      "담당": "커뮤니케이션서비스담당",
      "팀": "기업지능망서비스팀",
      "등록자": "전미옥",
      "과제구분": "C - 주요 개선 과제",
      "대상시스템": "KOS-유통",
      "당월과제상태": "보류",
      "공수": null,
      "단위시스템": "수수료",
      "전월과제상태": "신규",
      "비고": "개발 가능 여부 검토중",
      "우선순위": null
    },
    {
      "과제확정월": "8월확정과제",
      "과제ID": "DR-2025-17907",
      "과제제목": "기가오피스 신규 상품 전산 개발 요청",
      "요구사항": "비즈니스 요구사항",
      "등록요청일시": "2025-03-26 16:29",
      "부문": "Enterprise부문",
      "본부": "서비스Product본부",
      "담당": "데이터서비스담당",
      "팀": "기업인터넷서비스팀",
      "등록자": "하지인",
      "과제구분": "C - 주요 개선 과제",
      "대상시스템": "KOS-유통",
      "당월과제상태": "이월",
      "공수": null,
      "단위시스템": "수수료",
      "전월과제상태": "이월",
      "비고": "오더 개발시 진행",
      "우선순위": null
    },
    {
      "과제확정월": "8월확정과제",
      "과제ID": "DR-2025-20340",
      "과제제목": "[요금제 수정] IoT 안심결제 요금제 스펙 수정 요청",
      "요구사항": "비즈니스 요구사항",
      "등록요청일시": "2025-04-07 14:28",
      "부문": "Enterprise부문",
      "본부": "서비스Product본부",
      "담당": "기업무선/IoT서비스담당",
      "팀": "기업무선/IoT결제서비스팀",
      "등록자": "구대환",
      "과제구분": "C - 주요 개선 과제",
      "대상시스템": "KOS-유통",
      "당월과제상태": "이월",
      "공수": 5,
      "단위시스템": "수수료",
      "전월과제상태": "이월",
      "비고": "오더 개발시 진행",
      "우선순위": null
    },
    {
      "과제확정월": "8월확정과제",
      "과제ID": "DR-2025-04798",
      "과제제목": "KOS-RDS 와치독 기능 개발_IoT",
      "요구사항": "비즈니스 요구사항",
      "등록요청일시": "2025-01-22 16:27",
      "부문": "Enterprise부문",
      "본부": "서비스Product본부",
      "담당": "기업무선/IoT서비스담당",
      "팀": "IoT서비스1팀",
      "등록자": "김해건",
      "과제구분": "A - 필수 전략과제 KOS-유통",
      "대상시스템": null,
      "당월과제상태": "보류",
      "공수": null,
      "단위시스템": "실적",
      "전월과제상태": "보류",
      "비고": "통합 고도화 진행 예정",
      "우선순위": null
    },
    {
      "과제확정월": "8월확정과제",
      "과제ID": "DR-2025-09988",
      "과제제목": "KOS-RDS 정책수수료 등록내역 전체상품 다운로드",
      "요구사항": "비즈니스 요구사항",
      "등록요청일시": "2025-02-19 13:02",
      "부문": "Customer부문",
      "본부": "마케팅혁신본부",
      "담당": "무선정책담당",
      "팀": "무선정책기획팀",
      "등록자": "이영우",
      "과제구분": "C - 주요 개선 과제",
      "대상시스템": "KOS-유통",
      "당월과제상태": "개발",
      "공수": 8,
      "단위시스템": "수수료",
      "전월과제상태": "이월",
      "비고": "C_04",
      "우선순위": null
    },
    {
      "과제확정월": "8월확정과제",
      "과제ID": "DR-2025-27403",
      "과제제목": "대출원장 지급일자 항목 추가 및 SAP 연동 개발",
      "요구사항": "비즈니스 요구사항",
      "등록요청일시": "45790.5965277778",
      "부문": "Customer부문",
      "본부": "영업·채널본부",
      "담당": "대면채널혁신담당",
      "팀": "대면채널관리팀",
      "등록자": "이상현",
      "과제구분": null,
      "대상시스템": "KOS-유통",
      "당월과제상태": "중기",
      "공수": 6,
      "단위시스템": "채권",
      "전월과제상태": "신규",
      "비고": "C_02",
      "우선순위": null
    },
    {
      "과제확정월": "8월확정과제",
      "과제ID": "DR-2025-27901",
      "과제제목": "RDS (대리점 운영자금 옵션을 이자청구로 변경)",
      "요구사항": "비즈니스 요구사항",
      "등록요청일시": "45792.5965277778",
      "부문": "Customer부문",
      "본부": "영업·채널본부",
      "담당": "대면채널혁신담당",
      "팀": "대면채널관리팀",
      "등록자": "이상현",
      "과제구분": null,
      "대상시스템": "KOS-유통",
      "당월과제상태": "중기",
      "공수": 20,
      "단위시스템": "채권",
      "전월과제상태": "신규",
      "비고": "C_03",
      "우선순위": null
    },
    {
      "과제확정월": "8월확정과제",
      "과제ID": "DR-2024-72336",
      "과제제목": "[W 프로젝트] 모바일 초이스 3종 신규 출시",
      "요구사항": "비즈니스 요구사항",
      "등록요청일시": "2024-12-18 17:10",
      "부문": "Customer부문",
      "본부": "마케팅혁신본부",
      "담당": "요금혁신담당",
      "팀": "무선요금혁신팀",
      "등록자": "최상균",
      "과제구분": "C - 주요 개선 과제",
      "대상시스템": "KOS-유통",
      "당월과제상태": "보류",
      "공수": 5,
      "단위시스템": "수수료",
      "전월과제상태": "보류",
      "비고": "오더 개발시 비바체 배포 C_07",
      "우선순위": null
    },
    {
      "과제확정월": "8월확정과제",
      "과제ID": "DR-2025-24349",
      "과제제목": "판매접점 변경",
      "요구사항": "비즈니스 요구사항",
      "등록요청일시": "2025-04-25 14:04",
      "부문": "Customer부문",
      "본부": "영업·채널본부",
      "담당": "디지털채널담당",
      "팀": "디지털채널세일즈팀",
      "등록자": "남은주",
      "과제구분": "C - 주요 개선 과제",
      "대상시스템": "KOS-유통",
      "당월과제상태": "취소",
      "공수": null,
      "단위시스템": "유통망",
      "전월과제상태": "신규",
      "비고": "운영과제 C_13",
      "우선순위": null
    },
    {
      "과제확정월": "8월확정과제",
      "과제ID": "DR-2025-22014",
      "과제제목": "소상공인 신규 제휴카드 연동개발",
      "요구사항": "비즈니스 요구사항",
      "등록요청일시": "2025-04-14 18:46",
      "부문": "Customer부문",
      "본부": "소상공인사업본부",
      "담당": "소상공인상품담당",
      "팀": "소상공인상품제휴팀",
      "등록자": "배동훈",
      "과제구분": "A - 필수 전략과제 KOS-유통",
      "대상시스템": null,
      "당월과제상태": "보류",
      "공수": null,
      "단위시스템": "실적",
      "전월과제상태": "신규",
      "비고": "스펙미비 보류 C_08",
      "우선순위": null
    },
    {
      "과제확정월": "8월확정과제",
      "과제ID": "DR-2025-09389",
      "과제제목": "스팸 사전 탐지 시스템 추가 연동 필요 항목 개발",
      "요구사항": "비즈니스 요구사항",
      "등록요청일시": "2025-02-17 16:18",
      "부문": "Customer부문",
      "본부": "AX혁신지원본부",
      "담당": "고객보호담당",
      "팀": "고객인식개선팀",
      "등록자": "김영진",
      "과제구분": "C - 주요 개선 과제",
      "대상시스템": "KOS-유통",
      "당월과제상태": "취소",
      "공수": null,
      "단위시스템": "수수료",
      "전월과제상태": "이월",
      "비고": "RDS 개발사항 없음 C_09",
      "우선순위": null
    },
    {
      "과제확정월": "8월확정과제",
      "과제ID": "DR-2025-25937",
      "과제제목": "KOS-RDS 내 ACE 수수료 자동화 기능 관련 가입 유형별 지급 유무를 구분 할 수 있도록 기능 개선",
      "요구사항": "비즈니스 요구사항",
      "등록요청일시": "2025-05-07 15:10",
      "부문": "Customer부문",
      "본부": "영업·채널본부",
      "담당": "대면채널혁신담당",
      "팀": "대면채널기획팀",
      "등록자": "최재훈",
      "과제구분": "C - 주요 개선 과제",
      "대상시스템": "KOS-유통",
      "당월과제상태": "개발",
      "공수": 10,
      "단위시스템": "수수료",
      "전월과제상태": "신규",
      "비고": "C_11",
      "우선순위": null
    },
    {
      "과제확정월": "8월확정과제",
      "과제ID": "DR-2025-08864",
      "과제제목": "RDS '정책수수료 대상' 화면 내 부가서비스 관련 정책수수료 등록 화면 개선요청 (DR-2025-08403 요청 추가)",
      "요구사항": "비즈니스 요구사항",
      "등록요청일시": "2025-02-14 09:51",
      "부문": "Customer부문",
      "본부": "마케팅혁신본부",
      "담당": "무선정책담당",
      "팀": "무선정책기획팀",
      "등록자": "이영우",
      "과제구분": "C - 주요 개선 과제",
      "대상시스템": "KOS-유통",
      "당월과제상태": "개발",
      "공수": 6,
      "단위시스템": "수수료",
      "전월과제상태": "이월",
      "비고": "수수료 공수 부족 C_12",
      "우선순위": null
    },
    {
      "과제확정월": "8월확정과제",
      "과제ID": "DR-2025-03945",
      "과제제목": "KTS 업셀링을 위한 정산 고도화",
      "요구사항": "비즈니스 요구사항",
      "등록요청일시": "2025-01-20 15:45",
      "부문": "Customer부문",
      "본부": "마케팅혁신본부",
      "담당": "유선정책담당",
      "팀": "유선유통혁신팀",
      "등록자": "김세아",
      "과제구분": "C - 주요 개선 과제",
      "대상시스템": "KOS-유통",
      "당월과제상태": "보류",
      "공수": null,
      "단위시스템": "수수료",
      "전월과제상태": "보류",
      "비고": "스펙미비 보류 C_16",
      "우선순위": null
    },
    {
      "과제확정월": "8월확정과제",
      "과제ID": "DR-2025-18089",
      "과제제목": "RDS 전자계약관리 상 매장계약 기능 추가 개발 요청",
      "요구사항": "비즈니스 요구사항",
      "등록요청일시": "2025-03-27 10:34",
      "부문": "Customer부문",
      "본부": "영업·채널본부",
      "담당": "대면채널혁신담당",
      "팀": "대면채널관리팀",
      "등록자": "이상현",
      "과제구분": null,
      "대상시스템": null,
      "당월과제상태": "프로젝트",
      "공수": null,
      "단위시스템": "과제",
      "전월과제상태": "KOS-유통",
      "비고": "보류 유통망/채권 이월 AECS 개발시 개발 C_17",
      "우선순위": null
    },
    {
      "과제확정월": "8월확정과제",
      "과제ID": "DR-2025-20567",
      "과제제목": "W 초이스 후속 개발 (외부 연동/상품 상세)",
      "요구사항": "비즈니스 요구사항",
      "등록요청일시": "2025-04-08 10:09",
      "부문": "Customer부문",
      "본부": "마케팅혁신본부",
      "담당": "요금혁신담당",
      "팀": "무선요금혁신팀",
      "등록자": "최상균",
      "과제구분": "C - 주요 개선 과제",
      "대상시스템": "KOS-유통",
      "당월과제상태": "보류",
      "공수": 5,
      "단위시스템": "수수료",
      "전월과제상태": "이월",
      "비고": "오더 개발시 비바체 배포 C_18",
      "우선순위": null
    },
    {
      "과제확정월": "8월확정과제",
      "과제ID": "DR-2025-18088",
      "과제제목": "RDS 전자계약 보관 기능 이관 및 권한 확인 연동 기능 구현 요청",
      "요구사항": "비즈니스 요구사항",
      "등록요청일시": "2025-03-27 10:34",
      "부문": "Customer부문",
      "본부": "영업·채널본부",
      "담당": "대면채널혁신담당",
      "팀": "대면채널관리팀",
      "등록자": "이상현",
      "과제구분": null,
      "대상시스템": null,
      "당월과제상태": "프로젝트",
      "공수": null,
      "단위시스템": "과제",
      "전월과제상태": "KOS-유통",
      "비고": "보류 유통망/채권 이월 AECS 개발시 개발 C_19",
      "우선순위": null
    },
    {
      "과제확정월": "8월확정과제",
      "과제ID": "DR-2025-20617",
      "과제제목": "KOS-RDS 실사용일수 관점 추가",
      "요구사항": "비즈니스 요구사항",
      "등록요청일시": "2025-04-08 10:50",
      "부문": "Customer부문",
      "본부": "마케팅혁신본부",
      "담당": "무선정책담당",
      "팀": "무선정책기획팀",
      "등록자": "이영우",
      "과제구분": "C - 주요 개선 과제",
      "대상시스템": "KOS-유통",
      "당월과제상태": "이월",
      "공수": 30,
      "단위시스템": "수수료",
      "전월과제상태": "이월",
      "비고": "수수료 공수 부족 C_20",
      "우선순위": null
    },
    {
      "과제확정월": "8월확정과제",
      "과제ID": "DR-2025-18087",
      "과제제목": "RDS 전자계약관리 상 불필요 기능 제거 요청",
      "요구사항": "비즈니스 요구사항",
      "등록요청일시": "2025-03-27 10:33",
      "부문": "Customer부문",
      "본부": "영업·채널본부",
      "담당": "대면채널혁신담당",
      "팀": "대면채널관리팀",
      "등록자": "이상현",
      "과제구분": null,
      "대상시스템": null,
      "당월과제상태": "프로젝트",
      "공수": null,
      "단위시스템": "과제",
      "전월과제상태": "KOS-유통",
      "비고": "보류 채권 이월 AECS 개발시 개발 C_21",
      "우선순위": null
    },
    {
      "과제확정월": "8월확정과제",
      "과제ID": "DR-2025-08410",
      "과제제목": "KOS RDS 내 정책 실적 등록 시 '필수조건 동시복사' 기능 개발요청",
      "요구사항": "비즈니스 요구사항",
      "등록요청일시": "2025-02-12 17:10",
      "부문": "Customer부문",
      "본부": "마케팅혁신본부",
      "담당": "무선정책담당",
      "팀": "무선정책기획팀",
      "등록자": "이영우",
      "과제구분": "C - 주요 개선 과제",
      "대상시스템": "KOS-유통",
      "당월과제상태": "이월",
      "공수": 12,
      "단위시스템": "수수료",
      "전월과제상태": "이월",
      "비고": "수수료 공수 부족 C_22",
      "우선순위": null
    },
    {
      "과제확정월": "8월확정과제",
      "과제ID": "DR-2025-08407",
      "과제제목": "KOS RDS 내 '대리점별 집계'화면 내 연계단말 처리 유통조직(대리점) 정보 추가요청",
      "요구사항": "비즈니스 요구사항",
      "등록요청일시": "2025-02-12 17:05",
      "부문": "Customer부문",
      "본부": "마케팅혁신본부",
      "담당": "무선정책담당",
      "팀": "무선정책기획팀",
      "등록자": "이영우",
      "과제구분": "C - 주요 개선 과제",
      "대상시스템": "KOS-유통",
      "당월과제상태": "이월",
      "공수": 7,
      "단위시스템": "수수료",
      "전월과제상태": "이월",
      "비고": "수수료 공수 부족 C_24",
      "우선순위": null
    },
    {
      "과제확정월": "8월확정과제",
      "과제ID": "DR-2025-12778",
      "과제제목": "마케팅부 지사 표기",
      "요구사항": "비즈니스 요구사항",
      "등록요청일시": "2025-03-05 11:58",
      "부문": "Customer부문",
      "본부": "마케팅혁신본부",
      "담당": "무선정책담당",
      "팀": "무선정책기획팀",
      "등록자": "손석민",
      "과제구분": "C - 주요 개선 과제",
      "대상시스템": "KOS-유통",
      "당월과제상태": "이월",
      "공수": 7,
      "단위시스템": "물류",
      "전월과제상태": "이월",
      "비고": "공수부족 C_25",
      "우선순위": null
    },
    {
      "과제확정월": "8월확정과제",
      "과제ID": "DR-2025-12287",
      "과제제목": "코코넛센터 주문 대리점 여신부족 데이터 연동 요청",
      "요구사항": "비즈니스 요구사항",
      "등록요청일시": "2025-02-28 18:07",
      "부문": "Customer부문",
      "본부": "마케팅혁신본부",
      "담당": "무선정책담당",
      "팀": "무선정책기획팀",
      "등록자": "한민구",
      "과제구분": "C - 주요 개선 과제",
      "대상시스템": "KOS-유통",
      "당월과제상태": "이월",
      "공수": 20,
      "단위시스템": "채권",
      "전월과제상태": "이월",
      "비고": "공수부족 C_26",
      "우선순위": null
    },
    {
      "과제확정월": "8월확정과제",
      "과제ID": "DR-2025-09797",
      "과제제목": "K-RDS 정책수수료 Grade 단가 환수 기능 보완 요청",
      "요구사항": "비즈니스 요구사항",
      "등록요청일시": "2025-02-18 16:59",
      "부문": "Customer부문",
      "본부": "마케팅혁신본부",
      "담당": "무선정책담당",
      "팀": "무선정책기획팀",
      "등록자": "이영우",
      "과제구분": "C - 주요 개선 과제",
      "대상시스템": "KOS-유통",
      "당월과제상태": "보류",
      "공수": 60,
      "단위시스템": "수수료",
      "전월과제상태": "보류",
      "비고": "수수료 공수 과다 C_28",
      "우선순위": null
    },
    {
      "과제확정월": "8월확정과제",
      "과제ID": "DR-2025-23716",
      "과제제목": "통합개통센터 조직과 관계있는 대리점의 부적격 처리하게끔 전산 구현",
      "요구사항": "비즈니스 요구사항",
      "등록요청일시": "2025-04-23 10:22",
      "부문": "Customer부문",
      "본부": "영업·채널본부",
      "담당": "대면채널혁신담당",
      "팀": "대면채널기획팀",
      "등록자": "강혜영",
      "과제구분": "B - 필수 개선과제 KOS-유통",
      "대상시스템": null,
      "당월과제상태": "개발",
      "공수": 1,
      "단위시스템": "유통망",
      "전월과제상태": "신규",
      "비고": "C_15",
      "우선순위": null
    },
    {
      "과제확정월": "8월확정과제",
      "과제ID": "DR-2025-22855",
      "과제제목": "아이폰DEMO 단말 KT회계팀 대리점재고 장부가액 산정 제외 요청",
      "요구사항": "비즈니스 요구사항",
      "등록요청일시": "2025-04-17 16:43",
      "부문": "Customer부문",
      "본부": null,
      "담당": "전략·기획담당",
      "팀": "사업기획팀",
      "등록자": "심호신",
      "과제구분": "C - 주요 개선 과제",
      "대상시스템": "KOS-유통",
      "당월과제상태": "개발",
      "공수": 10,
      "단위시스템": "물류",
      "전월과제상태": "신규",
      "비고": "C_01",
      "우선순위": null
    },
    {
      "과제확정월": "8월확정과제",
      "과제ID": "DR-2025-23394",
      "과제제목": "가치제안서 단말기 추가스펙연동 개발건",
      "요구사항": "비즈니스 요구사항",
      "등록요청일시": "2025-04-22 10:37",
      "부문": "Customer부문",
      "본부": "AX혁신지원본부",
      "담당": "AX역량혁신담당",
      "팀": "유통역량혁신팀",
      "등록자": "김미정",
      "과제구분": "C - 주요 개선 과제",
      "대상시스템": "KOS-유통",
      "당월과제상태": "개발",
      "공수": 15,
      "단위시스템": "물류",
      "전월과제상태": "신규",
      "비고": "C_06",
      "우선순위": null
    },
    {
      "과제확정월": "8월확정과제",
      "과제ID": "DR-2025-18820",
      "과제제목": "정책 수수료 코드 정책등록 매핑",
      "요구사항": "비즈니스 요구사항",
      "등록요청일시": "2025-03-31 13:42",
      "부문": "Customer부문",
      "본부": "서비스Product본부",
      "담당": "제휴서비스담당",
      "팀": "AX제휴서비스팀",
      "등록자": "배성준",
      "과제구분": "C - 주요 개선 과제",
      "대상시스템": "KOS-유통",
      "당월과제상태": "개발",
      "공수": 2,
      "단위시스템": "수수료",
      "전월과제상태": "이월",
      "비고": "C_40",
      "우선순위": null
    },
    {
      "과제확정월": "8월확정과제",
      "과제ID": "DR-2025-20613",
      "과제제목": "RDS 내 정책별집계 내 전체지급취소 환수여부 표기",
      "요구사항": "비즈니스 요구사항",
      "등록요청일시": "2025-04-08 10:46",
      "부문": "Customer부문",
      "본부": "마케팅혁신본부",
      "담당": "무선정책담당",
      "팀": "무선정책기획팀",
      "등록자": "이영우",
      "과제구분": "C - 주요 개선 과제",
      "대상시스템": "KOS-유통",
      "당월과제상태": "이월",
      "공수": 25,
      "단위시스템": "수수료",
      "전월과제상태": "이월",
      "비고": "수수료 공수 부족 C_30",
      "우선순위": null
    },
    {
      "과제확정월": "8월확정과제",
      "과제ID": "DR-2025-08403",
      "과제제목": "RDS '정책수수료 대상' 화면 내 부가서비스 관련 정책수수료 등록 화면 개선요청",
      "요구사항": "비즈니스 요구사항",
      "등록요청일시": "2025-02-12 17:02",
      "부문": "Customer부문",
      "본부": "마케팅혁신본부",
      "담당": "무선정책담당",
      "팀": "무선정책기획팀",
      "등록자": "이영우",
      "과제구분": "C - 주요 개선 과제",
      "대상시스템": "KOS-유통",
      "당월과제상태": "이월",
      "공수": 6,
      "단위시스템": "수수료",
      "전월과제상태": "이월",
      "비고": "수수료 공수 부족 C_31",
      "우선순위": null
    },
    {
      "과제확정월": "8월확정과제",
      "과제ID": "DR-2025-16148",
      "과제제목": "[개발요청] 유선상품 사업용회선 해지를 위한 프로세스 개선",
      "요구사항": "비즈니스 요구사항",
      "등록요청일시": "2025-03-19 11:22",
      "부문": "Customer부문",
      "본부": "마케팅혁신본부",
      "담당": "사업지원담당",
      "팀": "인터넷사업지원팀",
      "등록자": "김홍수",
      "과제구분": "C - 주요 개선 과제",
      "대상시스템": "KOS-유통",
      "당월과제상태": "이월",
      "공수": 13,
      "단위시스템": "유통망",
      "전월과제상태": "이월",
      "비고": "C_32",
      "우선순위": null
    },
    {
      "과제확정월": "8월확정과제",
      "과제ID": "DR-2025-16511",
      "과제제목": "정책단가 코드합산 및 계약점 적용 개발",
      "요구사항": "비즈니스 요구사항",
      "등록요청일시": "2025-03-20 13:10",
      "부문": "Customer부문",
      "본부": "마케팅혁신본부",
      "담당": "무선정책담당",
      "팀": "무선정책기획팀",
      "등록자": "이영우",
      "과제구분": "C - 주요 개선 과제",
      "대상시스템": "KOS-유통",
      "당월과제상태": "이월",
      "공수": 30,
      "단위시스템": "수수료",
      "전월과제상태": "이월",
      "비고": "수수료 공수 부족 C_33",
      "우선순위": null
    },
    {
      "과제확정월": "8월확정과제",
      "과제ID": "DR-2024-71529",
      "과제제목": "신규 폰 렌탈 사업 추진",
      "요구사항": "비즈니스 요구사항",
      "등록요청일시": "2024-12-16 11:19",
      "부문": "Customer부문",
      "본부": "마케팅혁신본부",
      "담당": "사업지원담당",
      "팀": "무선사업지원팀",
      "등록자": "김현수",
      "과제구분": "C - 주요 개선 과제",
      "대상시스템": "KOS-유통",
      "당월과제상태": "보류",
      "공수": null,
      "단위시스템": "물류/채권",
      "전월과제상태": "보류",
      "비고": "스펙미비 보류 C_34",
      "우선순위": null
    },
    {
      "과제확정월": "8월확정과제",
      "과제ID": "DR-2024-71725",
      "과제제목": "중고 폰 렌탈 사업 추진",
      "요구사항": "비즈니스 요구사항",
      "등록요청일시": "2024-12-16 17:06",
      "부문": "Customer부문",
      "본부": "마케팅혁신본부",
      "담당": "사업지원담당",
      "팀": "무선사업지원팀",
      "등록자": "김현수",
      "과제구분": "C - 주요 개선 과제",
      "대상시스템": "KOS-유통",
      "당월과제상태": "보류",
      "공수": null,
      "단위시스템": "물류/채권",
      "전월과제상태": "보류",
      "비고": "스펙미비 보류 C_35",
      "우선순위": null
    },
    {
      "과제확정월": "8월확정과제",
      "과제ID": "DR-2024-67597",
      "과제제목": "유통 요고요금제 판매 도입을 위한 공통접점 / 요고 요금 전용 온라인 서식지 / 수수료 지급룰 개발",
      "요구사항": "비즈니스 요구사항",
      "등록요청일시": "2024-11-25 15:00",
      "부문": "Customer부문",
      "본부": "영업본부",
      "담당": "유통기획담당",
      "팀": "유통기획팀",
      "등록자": "최재훈",
      "과제구분": "C - 주요 개선 과제",
      "대상시스템": "KOS-유통",
      "당월과제상태": "보류",
      "공수": null,
      "단위시스템": "수수료",
      "전월과제상태": "보류",
      "비고": "사업부서 재검토 C_36",
      "우선순위": null
    },
    {
      "과제확정월": "8월확정과제",
      "과제ID": "DR-2025-09413",
      "과제제목": "[제휴부가]신규 CP 제휴 부가서비스 'AI 범죄차단 서비스' 개발 요청",
      "요구사항": "비즈니스 요구사항",
      "등록요청일시": "2025-02-17 16:59",
      "부문": "Customer부문",
      "본부": "서비스Product본부",
      "담당": "신규서비스담당",
      "팀": "결제인증서비스팀",
      "등록자": "황보영",
      "과제구분": "C - 주요 개선 과제",
      "대상시스템": "KOS-유통",
      "당월과제상태": "이월",
      "공수": 5,
      "단위시스템": "수수료",
      "전월과제상태": "이월",
      "비고": "C_37",
      "우선순위": null
    },
    {
      "과제확정월": "8월확정과제",
      "과제ID": "DR-2025-13116",
      "과제제목": "RDS 결합실적_결합세트조건 팩터내 '이상건추출여부' 기능 비활성화(숨김)요청",
      "요구사항": "비즈니스 요구사항",
      "등록요청일시": "2025-03-06 11:30",
      "부문": null,
      "본부": null,
      "담당": null,
      "팀": null,
      "등록자": "재무실",
      "과제구분": null,
      "대상시스템": null,
      "당월과제상태": "재무서비스센터",
      "공수": null,
      "단위시스템": "유통정산팀",
      "전월과제상태": "이수희",
      "비고": "C - 주요 개선 과제 KOS-유통 개발 3 수수료 이월",
      "우선순위": null
    },
    {
      "과제확정월": "8월확정과제",
      "과제ID": "DR-2025-15160",
      "과제제목": "타사고객 번호이동 후 RDS 리워드 사용내역 누락 개선",
      "요구사항": "비즈니스 요구사항",
      "등록요청일시": "2025-03-14 10:00",
      "부문": "Customer부문",
      "본부": "AX혁신지원본부",
      "담당": "AX역량혁신담당",
      "팀": "유통역량혁신팀",
      "등록자": "임세인",
      "과제구분": null,
      "대상시스템": null,
      "당월과제상태": "프로젝트",
      "공수": null,
      "단위시스템": "과제",
      "전월과제상태": "KOS-유통",
      "비고": "이월 와플/유통망 이월 개발 진행 시 CRM하고 협의 필요 C_38",
      "우선순위": null
    },
    {
      "과제확정월": "8월확정과제",
      "과제ID": "DR-2025-21087",
      "과제제목": "MVNO 제휴 서비스에 대한 제휴사업자간 정산 프로세스 개선",
      "요구사항": "비즈니스 요구사항",
      "등록요청일시": "2025-04-09 16:32",
      "부문": "Customer부문",
      "본부": "AX혁신지원본부",
      "담당": "고객보호담당",
      "팀": "고객보호팀",
      "등록자": "김규현",
      "과제구분": "C - 주요 개선 과제",
      "대상시스템": "KOS-유통",
      "당월과제상태": "이월",
      "공수": null,
      "단위시스템": "수수료",
      "전월과제상태": "이월",
      "비고": "C_41",
      "우선순위": null
    },
    {
      "과제확정월": "8월확정과제",
      "과제ID": "DR-2025-21487",
      "과제제목": "“단골고객” 이관 시 발송 문자 SRTT 적재되도록 요청",
      "요구사항": "비즈니스 요구사항",
      "등록요청일시": "2025-04-11 10:30",
      "부문": "Customer부문",
      "본부": "AX혁신지원본부",
      "담당": "AX역량혁신담당",
      "팀": "유통역량혁신팀",
      "등록자": "김혜옥",
      "과제구분": "C - 주요 개선 과제",
      "대상시스템": "KOS-유통",
      "당월과제상태": "이월",
      "공수": 7,
      "단위시스템": "유통망",
      "전월과제상태": "이월",
      "비고": "C_42",
      "우선순위": null
    },
    {
      "과제확정월": "8월확정과제",
      "과제ID": "DR-2025-06412",
      "과제제목": "요금제 그룹내 중복요금발생시 가중치 높은 항목 우선 지급",
      "요구사항": "비즈니스 요구사항",
      "등록요청일시": "2025-02-04 14:50",
      "부문": null,
      "본부": null,
      "담당": null,
      "팀": null,
      "등록자": "재무실",
      "과제구분": null,
      "대상시스템": null,
      "당월과제상태": "재무서비스센터",
      "공수": null,
      "단위시스템": "유통정산팀",
      "전월과제상태": "강은희",
      "비고": "C - 주요 개선 과제 KOS-유통 이월 5 수수료 이월",
      "우선순위": null
    },
    {
      "과제확정월": "8월확정과제",
      "과제ID": "DR-2025-11795",
      "과제제목": "TV/디바이스 매핑 로직 수정",
      "요구사항": "비즈니스 요구사항",
      "등록요청일시": "2025-02-27 10:09",
      "부문": null,
      "본부": null,
      "담당": null,
      "팀": null,
      "등록자": "재무실",
      "과제구분": null,
      "대상시스템": null,
      "당월과제상태": "재무서비스센터",
      "공수": null,
      "단위시스템": "유통정산팀",
      "전월과제상태": "김영자",
      "비고": "C - 주요 개선 과제 KOS-유통 이월 15 수수료 이월",
      "우선순위": null
    },
    {
      "과제확정월": "8월확정과제",
      "과제ID": "DR-2025-14675",
      "과제제목": "RDS '저소득층 지급취소' 조건 선택 체크박스 기능 비활성화 요청",
      "요구사항": "비즈니스 요구사항",
      "등록요청일시": "2025-03-12 14:59",
      "부문": null,
      "본부": null,
      "담당": null,
      "팀": null,
      "등록자": "재무실",
      "과제구분": null,
      "대상시스템": null,
      "당월과제상태": "재무서비스센터",
      "공수": null,
      "단위시스템": "유통정산팀",
      "전월과제상태": "이수희",
      "비고": "C - 주요 개선 과제 KOS-유통 이월 5 수수료 이월",
      "우선순위": null
    },
    {
      "과제확정월": "8월확정과제",
      "과제ID": "DR-2025-27080",
      "과제제목": "단말원부 등록 중복업로드 방지",
      "요구사항": "비즈니스 요구사항",
      "등록요청일시": "2025-05-08 14:19",
      "부문": "Customer부문",
      "본부": "마케팅혁신본부",
      "담당": "무선정책담당",
      "팀": "무선정책기획팀",
      "등록자": "손석민",
      "과제구분": "C - 주요 개선 과제",
      "대상시스템": "KOS-유통",
      "당월과제상태": "이월",
      "공수": 8,
      "단위시스템": "물류",
      "전월과제상태": "신규",
      "비고": "C_27",
      "우선순위": null
    },
    {
      "과제확정월": "8월확정과제",
      "과제ID": "DR-2025-17873",
      "과제제목": "[개발요청] RDS 내 대리점 OA 및 사업용회선 등 자산관리 화면 반영 요청",
      "요구사항": "비즈니스 요구사항",
      "등록요청일시": "2025-03-26 15:51",
      "부문": "Customer부문",
      "본부": "영업·채널본부",
      "담당": "대면채널혁신담당",
      "팀": "대면채널관리팀",
      "등록자": "강영주",
      "과제구분": "C - 주요 개선 과제",
      "대상시스템": "KOS-유통",
      "당월과제상태": "중기",
      "공수": 7,
      "단위시스템": "유통망",
      "전월과제상태": "중기",
      "비고": null,
      "우선순위": null
    },
    {
      "과제확정월": "8월확정과제",
      "과제ID": "DR-2025-21871",
      "과제제목": "KOS-RDS상에 업무처리조직 순서 변경 요청",
      "요구사항": "비즈니스 요구사항",
      "등록요청일시": "2025-04-14 13:42",
      "부문": null,
      "본부": "부산/경남광역본부",
      "담당": null,
      "팀": null,
      "등록자": null,
      "과제구분": null,
      "대상시스템": null,
      "당월과제상태": "부산/경남고객본부",
      "공수": null,
      "단위시스템": "창원지사",
      "전월과제상태": "마케팅부",
      "비고": "손강희 C - 주요 개선 과제 KOS-유통 보류 유통망 신규 개발불가",
      "우선순위": null
    },
    {
      "과제확정월": "8월확정과제",
      "과제ID": "DR-2025-23048",
      "과제제목": "IPTV &gt; Device 단독 정책수수료대상에",
      "요구사항": null,
      "등록요청일시": null,
      "부문": null,
      "본부": null,
      "담당": null,
      "팀": null,
      "등록자": null,
      "과제구분": null,
      "대상시스템": null,
      "당월과제상태": null,
      "공수": null,
      "단위시스템": null,
      "전월과제상태": null,
      "비고": null,
      "우선순위": null
    },
    {
      "과제확정월": "8월확정과제",
      "과제ID": "DR-2025-25065",
      "과제제목": "[RDS]애플 액세서리 출고 실적=판매실적 연동",
      "요구사항": "비즈니스 요구사항",
      "등록요청일시": "2025-04-29 16:24",
      "부문": "Customer부문",
      "본부": "Device사업본부",
      "담당": "Device마케팅담당",
      "팀": "Device사업팀",
      "등록자": "원정섭",
      "과제구분": "C - 주요 개선 과제",
      "대상시스템": "KOS-유통",
      "당월과제상태": "이월",
      "공수": null,
      "단위시스템": "실적",
      "전월과제상태": "신규",
      "비고": "C_44",
      "우선순위": null
    },
    {
      "과제확정월": "8월확정과제",
      "과제ID": "DR-2025-16766",
      "과제제목": "HIMS 신규 속성(단말 UISM 구동전압 - CLASS) 생성 및 연동 기능 개발",
      "요구사항": "비즈니스 요구사항",
      "등록요청일시": "2025-03-21 13:01",
      "부문": "Customer부문",
      "본부": "Device사업본부",
      "담당": "Device마케팅담당",
      "팀": "단말서비스기술팀",
      "등록자": "신진영",
      "과제구분": "C - 주요 개선 과제",
      "대상시스템": "KOS-유통",
      "당월과제상태": "개발",
      "공수": 10,
      "단위시스템": "물류",
      "전월과제상태": "이월",
      "비고": "C_39",
      "우선순위": null
    },
    {
      "과제확정월": "8월확정과제",
      "과제ID": "DR-2025-22982",
      "과제제목": "안심체인지 폴더블 전용 상품 개발",
      "요구사항": "비즈니스 요구사항",
      "등록요청일시": "2025-04-18 15:30",
      "부문": "Customer부문",
      "본부": "서비스Product본부",
      "담당": "제휴서비스담당",
      "팀": "상품제휴팀",
      "등록자": "유지희",
      "과제구분": "A - 필수 전략과제 KOS-유통",
      "대상시스템": null,
      "당월과제상태": "취소",
      "공수": null,
      "단위시스템": "물류",
      "전월과제상태": "신규",
      "비고": "RDS 대상 아님 C_43",
      "우선순위": null
    },
    {
      "과제확정월": "8월확정과제",
      "과제ID": "DR-2025-12776",
      "과제제목": "임대폰 재임대 불가",
      "요구사항": "비즈니스 요구사항",
      "등록요청일시": "2025-03-05 11:51",
      "부문": "Customer부문",
      "본부": "마케팅혁신본부",
      "담당": "무선정책담당",
      "팀": "무선정책기획팀",
      "등록자": "손석민",
      "과제구분": "C - 주요 개선 과제",
      "대상시스템": "KOS-유통",
      "당월과제상태": "개발",
      "공수": 5,
      "단위시스템": "물류",
      "전월과제상태": "중기",
      "비고": null,
      "우선순위": null
    },
    {
      "과제확정월": "8월확정과제",
      "과제ID": "DR-2025-17120",
      "과제제목": "정리점 강제수납 제한 해제 개발 요청",
      "요구사항": "비즈니스 요구사항",
      "등록요청일시": "2025-03-24 14:59",
      "부문": "Customer부문",
      "본부": "영업·채널본부",
      "담당": "대면채널혁신담당",
      "팀": "대면채널관리팀",
      "등록자": "이상현",
      "과제구분": "C - 주요 개선 과제",
      "대상시스템": "KOS-유통",
      "당월과제상태": "개발",
      "공수": 7,
      "단위시스템": "유통망",
      "전월과제상태": "중기",
      "비고": null,
      "우선순위": null
    },
    {
      "과제확정월": "8월확정과제",
      "과제ID": "DR-2025-04676",
      "과제제목": "(단통법) 가입유형별 지원금 차등 구조 개발",
      "요구사항": "비즈니스 요구사항",
      "등록요청일시": "2025-01-22 13:49",
      "부문": "Customer부문",
      "본부": "마케팅혁신본부",
      "담당": "요금혁신담당",
      "팀": "무선요금혁신팀",
      "등록자": "강신제",
      "과제구분": "S - 필수 대외과제 KOS-유통",
      "대상시스템": null,
      "당월과제상태": "중기",
      "공수": 5,
      "단위시스템": "채권",
      "전월과제상태": "중기",
      "비고": null,
      "우선순위": null
    },
    {
      "과제확정월": "8월확정과제",
      "과제ID": "DR-2025-19608",
      "과제제목": "RDS 직권해지 배치작업 수정 개발 요청",
      "요구사항": "비즈니스 요구사항",
      "등록요청일시": "2025-04-02 13:52",
      "부문": "Customer부문",
      "본부": "영업·채널본부",
      "담당": "대면채널혁신담당",
      "팀": "대면채널관리팀",
      "등록자": "이상현",
      "과제구분": "C - 주요 개선 과제",
      "대상시스템": "KOS-유통",
      "당월과제상태": "개발",
      "공수": 1,
      "단위시스템": "채권",
      "전월과제상태": "중기",
      "비고": null,
      "우선순위": null
    },
    {
      "과제확정월": "8월확정과제",
      "과제ID": "DR-2025-23339",
      "과제제목": "발신정보알리미 수수료 지급 기준 변경",
      "요구사항": "비즈니스 요구사항",
      "등록요청일시": "45784.6319444444",
      "부문": "Enterprise부문",
      "본부": "서비스Product본부",
      "담당": null,
      "팀": "기업지능망서비스팀",
      "등록자": "이상이",
      "과제구분": "C - 주요 개선 과제",
      "대상시스템": "KOS-유통",
      "당월과제상태": "개발",
      "공수": 5,
      "단위시스템": "수수료",
      "전월과제상태": "신규",
      "비고": null,
      "우선순위": null
    },
    {
      "과제확정월": "8월확정과제",
      "과제ID": "DR-2025-01898",
      "과제제목": "5G 요금제 FUP 예외 기준 VAS 개발",
      "요구사항": "비즈니스 요구사항",
      "등록요청일시": "45666",
      "부문": "Customer부문",
      "본부": "마케팅혁신본부",
      "담당": "요금혁신담당",
      "팀": "무선요금혁신팀",
      "등록자": "최상균",
      "과제구분": null,
      "대상시스템": "KOS-유통",
      "당월과제상태": "개발",
      "공수": 5,
      "단위시스템": "수수료",
      "전월과제상태": "신규",
      "비고": null,
      "우선순위": null
    },
    {
      "과제확정월": "8월확정과제",
      "과제ID": "DR-2025-07848",
      "과제제목": "25년 신규 IoT 일 QoS요금제 3종 개발(LTE/5G)",
      "요구사항": "비즈니스 요구사항",
      "등록요청일시": "45699",
      "부문": "Enterprise부문",
      "본부": "서비스Product본부",
      "담당": null,
      "팀": "기업무선/IoT관제서비스팀",
      "등록자": "임종섭",
      "과제구분": null,
      "대상시스템": "KOS-유통",
      "당월과제상태": "개발",
      "공수": 5,
      "단위시스템": "수수료",
      "전월과제상태": "신규",
      "비고": null,
      "우선순위": null
    },
    {
      "과제확정월": "8월확정과제",
      "과제ID": "DR-2024-69964",
      "과제제목": "무선 DCB 부가서비스 생성 요청의 건(유료)",
      "요구사항": "비즈니스 요구사항",
      "등록요청일시": "45632",
      "부문": "Customer부문",
      "본부": "서비스Product본부",
      "담당": null,
      "팀": "모바일마켓서비스팀",
      "등록자": "곽은경",
      "과제구분": null,
      "대상시스템": "KOS-유통",
      "당월과제상태": "개발",
      "공수": 5,
      "단위시스템": "수수료",
      "전월과제상태": "신규",
      "비고": null,
      "우선순위": null
    },
    {
      "과제확정월": "8월확정과제",
      "과제ID": "DR-2025-29577",
      "과제제목": "[통합개통센터] 유무선 실적 확인을 위한 전산개발",
      "요구사항": "비즈니스 요구사항",
      "등록요청일시": "45803",
      "부문": "Customer부문",
      "본부": "영업·채널본부",
      "담당": "대면채널혁신담당",
      "팀": "대면채널기획팀",
      "등록자": "강혜영",
      "과제구분": null,
      "대상시스템": "KOS-유통",
      "당월과제상태": "개발",
      "공수": 10,
      "단위시스템": "유통망/실적",
      "전월과제상태": "신규",
      "비고": null,
      "우선순위": null
    }
  ]
}