{
    {
        "\"과제확정월": "\"7월확정과제",
        "과제ID": "DR-2025-28917",
        "과제제목": "전화투표 서비스 수수료 지급 방식 변경",
        "요구사항": "비즈니스 요구사항",
        "등록요청일시": "2025-05-21 14:06",
        "부문": "Customer부문",
        "본부": "소상공인사업본부",
        "담당": "소상공인상품담당",
        "팀": "소상공인통화상품팀",
        "등록자": "이국희",
        "과제구분": "C - 주요 개선 과제",
        "대상시스템": "KOS-유통",
        "당월과제상태": "이월",
        "공수": 15,
        "단위시스템": "수수료",
        "전월과제상태": "신규",
        "비고": "수수료 공수 부족",
        "우선순위\"": "C_09\""
    },
    {
        "\"과제확정월": "\"7월확정과제",
        "과제ID": "DR-2025-29978",
        "과제제목": "정리점 강제수납 제한 해제 개발요청2",
        "요구사항": "비즈니스 요구사항",
        "등록요청일시": "2025-05-27 11:14",
        "부문": "Customer부문",
        "본부": "영업·채널본부",
        "담당": "대면채널혁신담당",
        "팀": "대면채널관리팀",
        "등록자": "김준",
        "과제구분": "B - 필수 개선과제",
        "대상시스템": "KOS-유통",
        "당월과제상태": "보류",
        "공수": 7,
        "단위시스템": "채권/유통망",
        "전월과제상태": "신규",
        "비고": "오더 동시개발 필요",
        "우선순위\"": "C_13\""
    },
    {
        "\"과제확정월": "\"7월확정과제",
        "과제ID": "DR-2025-26269",
        "과제제목": "모델별 배정현황 신규메뉴 개발 요청",
        "요구사항": "비즈니스 요구사항",
        "등록요청일시": "2025-05-08 14:19",
        "부문": "Customer부문",
        "본부": "마케팅혁신본부",
        "담당": "무선정책담당",
        "팀": "무선정책기획팀",
        "등록자": "한민구",
        "과제구분": "C - 주요 개선 과제",
        "대상시스템": "KOS-유통",
        "당월과제상태": "중기",
        "공수": 15,
        "단위시스템": "물류",
        "전월과제상태": "이월",
        "비고": "공수부족",
        "우선순위\"": "C_14\""
    },
    {
        "\"과제확정월": "\"7월확정과제",
        "과제ID": "DR-2025-29957",
        "과제제목": "RDS 유통망정보관리 \"\"매장구분\"\" 필수값 지정 요청",
        "요구사항": "비즈니스 요구사항",
        "등록요청일시": "2025-05-27 10:40",
        "부문": "Customer부문",
        "본부": "영업·채널본부",
        "담당": "대면채널혁신담당",
        "팀": "대면채널기획팀",
        "등록자": "양혜주",
        "과제구분": "C - 주요 개선 과제",
        "대상시스템": "KOS-유통",
        "당월과제상태": "이월",
        "공수": 5,
        "단위시스템": "유통망",
        "전월과제상태": "신규",
        "비고": "공수부족",
        "우선순위\"": "C_17\""
    },
    {
        "\"과제확정월": "\"7월확정과제",
        "과제ID": "DR-2025-08407",
        "과제제목": "KOS RDS 내 '대리점별 집계'화면 내 연계단말 처리 유통조직(대리점) 정보 추가요청",
        "요구사항": "비즈니스 요구사항",
        "등록요청일시": "2025-02-12 17:05",
        "부문": "Customer부문",
        "본부": "마케팅혁신본부",
        "담당": "무선정책담당",
        "팀": "무선정책기획팀",
        "등록자": "이영우",
        "과제구분": "C - 주요 개선 과제",
        "대상시스템": "KOS-유통",
        "당월과제상태": "이월",
        "공수": 7,
        "단위시스템": "수수료",
        "전월과제상태": "이월",
        "비고": "수수료 공수 부족",
        "우선순위\"": "C_18\""
    },
    {
        "\"과제확정월": "\"7월확정과제",
        "과제ID": "DR-2025-26261",
        "과제제목": "배정등록 메뉴 배정가능 표기값 로직 변경 요청",
        "요구사항": "비즈니스 요구사항",
        "등록요청일시": "2025-05-08 14:01",
        "부문": "Customer부문",
        "본부": "마케팅혁신본부",
        "담당": "무선정책담당",
        "팀": "무선정책기획팀",
        "등록자": "한민구",
        "과제구분": "C - 주요 개선 과제",
        "대상시스템": "KOS-유통",
        "당월과제상태": "이월",
        "공수": 7,
        "단위시스템": "물류",
        "전월과제상태": "이월",
        "비고": "공수부족",
        "우선순위\"": "C_20\""
    },
    {
        "\"과제확정월": "\"7월확정과제",
        "과제ID": "DR-2025-20613",
        "과제제목": "RDS 내 정책별집계 내 전체지급취소 환수여부 표기",
        "요구사항": "비즈니스 요구사항",
        "등록요청일시": "2025-04-08 10:46",
        "부문": "Customer부문",
        "본부": "마케팅혁신본부",
        "담당": "무선정책담당",
        "팀": "무선정책기획팀",
        "등록자": "이영우",
        "과제구분": "C - 주요 개선 과제",
        "대상시스템": "KOS-유통",
        "당월과제상태": "이월",
        "공수": 25,
        "단위시스템": "수수료",
        "전월과제상태": "이월",
        "비고": "수수료 공수 부족",
        "우선순위\"": "C_22\""
    },
    {
        "\"과제확정월": "\"7월확정과제",
        "과제ID": "DR-2025-12778",
        "과제제목": "마케팅부 지사 표기",
        "요구사항": "비즈니스 요구사항",
        "등록요청일시": "2025-03-05 11:58",
        "부문": "Customer부문",
        "본부": "마케팅혁신본부",
        "담당": "무선정책담당",
        "팀": "무선정책기획팀",
        "등록자": "손석민",
        "과제구분": "C - 주요 개선 과제",
        "대상시스템": "KOS-유통",
        "당월과제상태": "이월",
        "공수": 7,
        "단위시스템": "물류",
        "전월과제상태": "이월",
        "비고": "공수부족",
        "우선순위\"": "C_24\""
    },
    {
        "\"과제확정월": "\"7월확정과제",
        "과제ID": "DR-2025-12287",
        "과제제목": "코코넛센터 주문 대리점 여신부족 데이터 연동 요청",
        "요구사항": "비즈니스 요구사항",
        "등록요청일시": "2025-02-28 18:07",
        "부문": "Customer부문",
        "본부": "마케팅혁신본부",
        "담당": "무선정책담당",
        "팀": "무선정책기획팀",
        "등록자": "한민구",
        "과제구분": "C - 주요 개선 과제",
        "대상시스템": "KOS-유통",
        "당월과제상태": "이월",
        "공수": 20,
        "단위시스템": "채권",
        "전월과제상태": "이월",
        "비고": "공수부족",
        "우선순위\"": "C_26\""
    },
    {
        "\"과제확정월": "\"7월확정과제",
        "과제ID": "DR-2025-09797",
        "과제제목": "K-RDS 정책수수료 Grade 단가 환수 기능 보완 요청",
        "요구사항": "비즈니스 요구사항",
        "등록요청일시": "2025-02-18 16:59",
        "부문": "Customer부문",
        "본부": "마케팅혁신본부",
        "담당": "무선정책담당",
        "팀": "무선정책기획팀",
        "등록자": "이영우",
        "과제구분": "C - 주요 개선 과제",
        "대상시스템": "KOS-유통",
        "당월과제상태": "보류",
        "공수": 60,
        "단위시스템": "수수료",
        "전월과제상태": "보류",
        "비고": "수수료 공수 과다",
        "우선순위\"": "C_28\""
    },
    {
        "\"과제확정월": "\"7월확정과제",
        "과제ID": "DR-2025-20617",
        "과제제목": "KOS-RDS 실사용일수 관점 추가",
        "요구사항": "비즈니스 요구사항",
        "등록요청일시": "2025-04-08 10:50",
        "부문": "Customer부문",
        "본부": "마케팅혁신본부",
        "담당": "무선정책담당",
        "팀": "무선정책기획팀",
        "등록자": "이영우",
        "과제구분": "C - 주요 개선 과제",
        "대상시스템": "KOS-유통",
        "당월과제상태": "이월",
        "공수": 30,
        "단위시스템": "수수료",
        "전월과제상태": "이월",
        "비고": "수수료 공수 부족",
        "우선순위\"": "C_30\""
    },
    {
        "\"과제확정월": "\"7월확정과제",
        "과제ID": "DR-2025-16511",
        "과제제목": "정책단가 코드합산 및 계약점 적용 개발",
        "요구사항": "비즈니스 요구사항",
        "등록요청일시": "2025-03-20 13:10",
        "부문": "Customer부문",
        "본부": "마케팅혁신본부",
        "담당": "무선정책담당",
        "팀": "무선정책기획팀",
        "등록자": "이영우",
        "과제구분": "C - 주요 개선 과제",
        "대상시스템": "KOS-유통",
        "당월과제상태": "이월",
        "공수": 30,
        "단위시스템": "수수료",
        "전월과제상태": "이월",
        "비고": "수수료 공수 부족",
        "우선순위\"": "C_32\""
    },
    {
        "\"과제확정월": "\"7월확정과제",
        "과제ID": "DR-2024-72336",
        "과제제목": "[W 프로젝트] 모바일 초이스 3종 신규 출시",
        "요구사항": "비즈니스 요구사항",
        "등록요청일시": "2024-12-18 17:10",
        "부문": "Customer부문",
        "본부": "마케팅혁신본부",
        "담당": "요금혁신담당",
        "팀": "무선요금혁신팀",
        "등록자": "최상균",
        "과제구분": "C - 주요 개선 과제",
        "대상시스템": "KOS-유통",
        "당월과제상태": "보류",
        "공수": 5,
        "단위시스템": "수수료",
        "전월과제상태": "보류",
        "비고": "오더 개발시 비바체 배포",
        "우선순위\"": "C_38\""
    },
    {
        "\"과제확정월": "\"7월확정과제",
        "과제ID": "DR-2025-20567",
        "과제제목": "W 초이스 후속 개발 (외부 연동/상품 상세)",
        "요구사항": "비즈니스 요구사항",
        "등록요청일시": "2025-04-08 10:09",
        "부문": "Customer부문",
        "본부": "마케팅혁신본부",
        "담당": "요금혁신담당",
        "팀": "무선요금혁신팀",
        "등록자": "최상균",
        "과제구분": "C - 주요 개선 과제",
        "대상시스템": "KOS-유통",
        "당월과제상태": "보류",
        "공수": 5,
        "단위시스템": "수수료",
        "전월과제상태": "보류",
        "비고": "오더 개발시 비바체 배포",
        "우선순위\"": "C_39\""
    }
}